sample,timestamp,predicted
0,0,4
0,1,4
0,2,4
0,3,4
0,4,4
0,5,4
0,6,4
0,7,4
0,8,4
0,9,4
0,10,4
0,11,4
0,12,4
0,13,4
0,14,4
0,15,4
0,16,4
0,17,4
0,18,4
0,19,4
0,20,4
0,21,4
0,22,4
0,23,4
0,24,4
0,25,4
0,26,4
0,27,4
0,28,4
0,29,4
0,30,4
0,31,4
0,32,4
0,33,4
0,34,4
0,35,4
0,36,4
0,37,4
0,38,4
0,39,4
0,40,4
0,41,4
0,42,4
0,43,4
0,44,4
0,45,4
0,46,4
0,47,4
0,48,4
0,49,4
0,50,4
0,51,4
0,52,4
0,53,4
0,54,4
0,55,4
0,56,4
0,57,4
0,58,4
0,59,4
0,60,4
0,61,4
0,62,4
0,63,4
0,64,4
0,65,4
0,66,4
0,67,4
0,68,4
0,69,4
0,70,4
0,71,4
0,72,4
0,73,0
0,74,0
0,75,0
0,76,0
0,77,0
0,78,0
0,79,0
0,80,0
0,81,0
0,82,0
0,83,0
0,84,0
0,85,0
0,86,0
0,87,0
0,88,0
0,89,0
0,90,0
0,91,0
0,92,0
0,93,0
0,94,0
0,95,0
0,96,0
0,97,0
0,98,0
0,99,0
1,0,0
1,1,0
1,2,0
1,3,0
1,4,0
1,5,0
1,6,0
1,7,0
1,8,0
1,9,0
1,10,0
1,11,0
1,12,0
1,13,0
1,14,0
1,15,0
1,16,0
1,17,0
1,18,0
1,19,0
1,20,0
1,21,0
1,22,0
1,23,0
1,24,0
1,25,0
1,26,0
1,27,0
1,28,0
1,29,0
1,30,0
1,31,0
1,32,0
1,33,0
1,34,0
1,35,0
1,36,0
1,37,0
1,38,0
1,39,0
1,40,0
1,41,0
1,42,0
1,43,0
1,44,0
1,45,0
1,46,0
1,47,0
1,48,0
1,49,0
1,50,0
1,51,0
1,52,0
1,53,0
1,54,0
1,55,0
1,56,0
1,57,0
1,58,0
1,59,0
1,60,0
1,61,0
1,62,0
1,63,0
1,64,0
1,65,0
1,66,0
1,67,0
1,68,0
1,69,0
1,70,0
1,71,0
1,72,0
1,73,0
1,74,0
1,75,0
1,76,0
1,77,0
1,78,0
1,79,0
1,80,0
1,81,0
1,82,0
1,83,0
1,84,0
1,85,0
1,86,0
1,87,0
1,88,0
1,89,0
1,90,0
1,91,0
1,92,0
1,93,0
1,94,0
1,95,0
1,96,0
1,97,0
1,98,0
1,99,0
2,0,0
2,1,0
2,2,0
2,3,0
2,4,0
2,5,0
2,6,0
2,7,0
2,8,0
2,9,0
2,10,0
2,11,0
2,12,0
2,13,0
2,14,0
2,15,0
2,16,0
2,17,0
2,18,0
2,19,0
2,20,0
2,21,0
2,22,0
2,23,0
2,24,0
2,25,0
2,26,0
2,27,0
2,28,0
2,29,0
2,30,0
2,31,0
2,32,0
2,33,0
2,34,0
2,35,0
2,36,0
2,37,0
2,38,0
2,39,0
2,40,0
2,41,0
2,42,0
2,43,0
2,44,0
2,45,0
2,46,0
2,47,0
2,48,0
2,49,0
2,50,0
2,51,0
2,52,0
2,53,0
2,54,0
2,55,0
2,56,0
2,57,0
2,58,0
2,59,0
2,60,0
2,61,0
2,62,0
2,63,0
2,64,0
2,65,0
2,66,0
2,67,0
2,68,0
2,69,0
2,70,0
2,71,0
2,72,0
2,73,0
2,74,0
2,75,0
2,76,0
2,77,0
2,78,0
2,79,0
2,80,0
2,81,0
2,82,0
2,83,0
2,84,0
2,85,0
2,86,0
2,87,0
2,88,0
2,89,0
2,90,0
2,91,0
2,92,0
2,93,0
2,94,0
2,95,0
2,96,0
2,97,0
2,98,0
2,99,0
3,0,0
3,1,0
3,2,0
3,3,0
3,4,0
3,5,0
3,6,0
3,7,0
3,8,0
3,9,0
3,10,0
3,11,0
3,12,0
3,13,0
3,14,0
3,15,0
3,16,0
3,17,0
3,18,0
3,19,0
3,20,0
3,21,0
3,22,0
3,23,0
3,24,0
3,25,0
3,26,0
3,27,0
3,28,0
3,29,0
3,30,0
3,31,0
3,32,0
3,33,0
3,34,0
3,35,0
3,36,0
3,37,0
3,38,0
3,39,0
3,40,0
3,41,0
3,42,0
3,43,0
3,44,0
3,45,0
3,46,0
3,47,0
3,48,0
3,49,0
3,50,0
3,51,0
3,52,0
3,53,0
3,54,0
3,55,0
3,56,0
3,57,0
3,58,0
3,59,0
3,60,0
3,61,0
3,62,0
3,63,0
3,64,0
3,65,0
3,66,0
3,67,0
3,68,0
3,69,0
3,70,0
3,71,0
3,72,0
3,73,0
3,74,0
3,75,0
3,76,0
3,77,0
3,78,6
3,79,6
3,80,6
3,81,6
3,82,6
3,83,6
3,84,6
3,85,6
3,86,6
3,87,6
3,88,6
3,89,6
3,90,6
3,91,6
3,92,6
3,93,6
3,94,6
3,95,6
3,96,6
3,97,6
3,98,6
3,99,6
4,0,6
4,1,6
4,2,6
4,3,6
4,4,6
4,5,6
4,6,6
4,7,6
4,8,6
4,9,6
4,10,6
4,11,6
4,12,6
4,13,6
4,14,6
4,15,6
4,16,6
4,17,6
4,18,6
4,19,6
4,20,6
4,21,6
4,22,6
4,23,6
4,24,6
4,25,6
4,26,6
4,27,6
4,28,6
4,29,6
4,30,6
4,31,6
4,32,6
4,33,6
4,34,6
4,35,6
4,36,6
4,37,6
4,38,6
4,39,6
4,40,6
4,41,6
4,42,6
4,43,6
4,44,6
4,45,6
4,46,6
4,47,6
4,48,6
4,49,6
4,50,6
4,51,6
4,52,6
4,53,6
4,54,6
4,55,6
4,56,6
4,57,6
4,58,6
4,59,6
4,60,6
4,61,6
4,62,6
4,63,6
4,64,6
4,65,6
4,66,6
4,67,6
4,68,6
4,69,6
4,70,6
4,71,6
4,72,6
4,73,6
4,74,6
4,75,6
4,76,6
4,77,6
4,78,6
4,79,6
4,80,6
4,81,6
4,82,6
4,83,0
4,84,0
4,85,0
4,86,0
4,87,0
4,88,0
4,89,0
4,90,0
4,91,0
4,92,0
4,93,0
4,94,0
4,95,0
4,96,0
4,97,0
4,98,0
4,99,0
5,0,0
5,1,0
5,2,0
5,3,0
5,4,0
5,5,0
5,6,0
5,7,0
5,8,0
5,9,0
5,10,0
5,11,0
5,12,0
5,13,0
5,14,0
5,15,0
5,16,0
5,17,0
5,18,0
5,19,0
5,20,0
5,21,0
5,22,0
5,23,0
5,24,0
5,25,0
5,26,0
5,27,0
5,28,0
5,29,0
5,30,0
5,31,0
5,32,0
5,33,0
5,34,0
5,35,0
5,36,0
5,37,0
5,38,0
5,39,0
5,40,0
5,41,0
5,42,0
5,43,0
5,44,0
5,45,0
5,46,0
5,47,0
5,48,0
5,49,0
5,50,0
5,51,0
5,52,0
5,53,0
5,54,0
5,55,0
5,56,0
5,57,0
5,58,0
5,59,0
5,60,0
5,61,0
5,62,0
5,63,0
5,64,0
5,65,0
5,66,0
5,67,0
5,68,0
5,69,0
5,70,0
5,71,0
5,72,0
5,73,5
5,74,5
5,75,5
5,76,5
5,77,5
5,78,5
5,79,5
5,80,5
5,81,5
5,82,5
5,83,5
5,84,5
5,85,5
5,86,5
5,87,5
5,88,5
5,89,5
5,90,5
5,91,5
5,92,5
5,93,5
5,94,5
5,95,5
5,96,5
5,97,5
5,98,5
5,99,5
6,0,5
6,1,5
6,2,5
6,3,5
6,4,5
6,5,5
6,6,5
6,7,5
6,8,5
6,9,5
6,10,5
6,11,5
6,12,5
6,13,5
6,14,5
6,15,5
6,16,5
6,17,5
6,18,5
6,19,5
6,20,5
6,21,5
6,22,5
6,23,5
6,24,5
6,25,5
6,26,5
6,27,5
6,28,5
6,29,5
6,30,5
6,31,5
6,32,5
6,33,5
6,34,5
6,35,5
6,36,5
6,37,5
6,38,5
6,39,5
6,40,5
6,41,5
6,42,5
6,43,5
6,44,5
6,45,5
6,46,5
6,47,5
6,48,5
6,49,5
6,50,5
6,51,5
6,52,5
6,53,5
6,54,5
6,55,5
6,56,5
6,57,5
6,58,5
6,59,5
6,60,5
6,61,5
6,62,5
6,63,5
6,64,5
6,65,5
6,66,5
6,67,5
6,68,5
6,69,5
6,70,5
6,71,5
6,72,5
6,73,5
6,74,5
6,75,5
6,76,5
6,77,5
6,78,0
6,79,0
6,80,0
6,81,0
6,82,0
6,83,0
6,84,0
6,85,0
6,86,0
6,87,0
6,88,0
6,89,0
6,90,0
6,91,0
6,92,0
6,93,0
6,94,0
6,95,0
6,96,0
6,97,0
6,98,0
6,99,0
7,0,0
7,1,0
7,2,0
7,3,0
7,4,0
7,5,0
7,6,0
7,7,0
7,8,0
7,9,0
7,10,0
7,11,0
7,12,0
7,13,0
7,14,0
7,15,0
7,16,0
7,17,0
7,18,0
7,19,0
7,20,0
7,21,0
7,22,0
7,23,0
7,24,0
7,25,0
7,26,0
7,27,0
7,28,0
7,29,0
7,30,0
7,31,0
7,32,0
7,33,0
7,34,0
7,35,0
7,36,0
7,37,0
7,38,0
7,39,0
7,40,0
7,41,0
7,42,0
7,43,0
7,44,0
7,45,0
7,46,0
7,47,0
7,48,0
7,49,0
7,50,0
7,51,0
7,52,0
7,53,0
7,54,0
7,55,0
7,56,0
7,57,0
7,58,0
7,59,0
7,60,0
7,61,0
7,62,0
7,63,0
7,64,0
7,65,0
7,66,0
7,67,0
7,68,0
7,69,0
7,70,0
7,71,0
7,72,0
7,73,0
7,74,3
7,75,3
7,76,3
7,77,3
7,78,3
7,79,3
7,80,3
7,81,3
7,82,3
7,83,3
7,84,3
7,85,3
7,86,3
7,87,3
7,88,3
7,89,3
7,90,3
7,91,3
7,92,3
7,93,3
7,94,3
7,95,3
7,96,3
7,97,3
7,98,3
7,99,3
8,0,3
8,1,3
8,2,3
8,3,3
8,4,3
8,5,3
8,6,3
8,7,3
8,8,3
8,9,3
8,10,3
8,11,3
8,12,3
8,13,3
8,14,3
8,15,3
8,16,3
8,17,3
8,18,3
8,19,3
8,20,3
8,21,3
8,22,3
8,23,3
8,24,3
8,25,3
8,26,3
8,27,3
8,28,3
8,29,3
8,30,3
8,31,3
8,32,3
8,33,3
8,34,3
8,35,3
8,36,3
8,37,3
8,38,3
8,39,3
8,40,3
8,41,3
8,42,3
8,43,3
8,44,3
8,45,3
8,46,3
8,47,3
8,48,3
8,49,3
8,50,3
8,51,3
8,52,3
8,53,3
8,54,3
8,55,3
8,56,3
8,57,3
8,58,3
8,59,3
8,60,3
8,61,3
8,62,3
8,63,3
8,64,0
8,65,0
8,66,0
8,67,0
8,68,0
8,69,0
8,70,0
8,71,0
8,72,0
8,73,0
8,74,0
8,75,0
8,76,0
8,77,0
8,78,0
8,79,0
8,80,0
8,81,0
8,82,0
8,83,0
8,84,0
8,85,0
8,86,0
8,87,0
8,88,0
8,89,0
8,90,0
8,91,0
8,92,0
8,93,0
8,94,0
8,95,0
8,96,0
8,97,0
8,98,0
8,99,0
9,0,0
9,1,0
9,2,0
9,3,0
9,4,0
9,5,0
9,6,0
9,7,0
9,8,0
9,9,0
9,10,0
9,11,0
9,12,0
9,13,0
9,14,0
9,15,0
9,16,0
9,17,0
9,18,0
9,19,0
9,20,0
9,21,0
9,22,0
9,23,0
9,24,0
9,25,0
9,26,0
9,27,0
9,28,0
9,29,0
9,30,0
9,31,0
9,32,0
9,33,0
9,34,0
9,35,0
9,36,0
9,37,0
9,38,0
9,39,0
9,40,0
9,41,0
9,42,0
9,43,0
9,44,0
9,45,0
9,46,0
9,47,0
9,48,0
9,49,0
9,50,0
9,51,0
9,52,0
9,53,0
9,54,0
9,55,0
9,56,0
9,57,0
9,58,0
9,59,0
9,60,0
9,61,0
9,62,0
9,63,0
9,64,0
9,65,0
9,66,0
9,67,0
9,68,0
9,69,0
9,70,0
9,71,0
9,72,0
9,73,2
9,74,2
9,75,2
9,76,2
9,77,2
9,78,2
9,79,2
9,80,2
9,81,2
9,82,2
9,83,2
9,84,2
9,85,2
9,86,2
9,87,2
9,88,2
9,89,2
9,90,2
9,91,2
9,92,2
9,93,2
9,94,2
9,95,2
9,96,2
9,97,2
9,98,2
9,99,2
10,0,2
10,1,2
10,2,2
10,3,2
10,4,2
10,5,2
10,6,2
10,7,2
10,8,2
10,9,2
10,10,2
10,11,2
10,12,2
10,13,2
10,14,2
10,15,2
10,16,2
10,17,2
10,18,2
10,19,2
10,20,2
10,21,2
10,22,2
10,23,2
10,24,2
10,25,2
10,26,2
10,27,2
10,28,2
10,29,2
10,30,2
10,31,2
10,32,2
10,33,2
10,34,2
10,35,2
10,36,2
10,37,2
10,38,2
10,39,2
10,40,2
10,41,2
10,42,2
10,43,2
10,44,2
10,45,2
10,46,2
10,47,2
10,48,2
10,49,2
10,50,2
10,51,2
10,52,2
10,53,2
10,54,2
10,55,2
10,56,2
10,57,2
10,58,2
10,59,2
10,60,2
10,61,2
10,62,2
10,63,2
10,64,0
10,65,0
10,66,0
10,67,0
10,68,0
10,69,0
10,70,0
10,71,0
10,72,0
10,73,0
10,74,0
10,75,0
10,76,0
10,77,0
10,78,0
10,79,0
10,80,0
10,81,0
10,82,0
10,83,0
10,84,0
10,85,0
10,86,0
10,87,0
10,88,0
10,89,0
10,90,0
10,91,0
10,92,0
10,93,0
10,94,0
10,95,0
10,96,0
10,97,0
10,98,0
10,99,0
11,0,0
11,1,0
11,2,0
11,3,0
11,4,0
11,5,0
11,6,0
11,7,0
11,8,0
11,9,0
11,10,0
11,11,0
11,12,0
11,13,0
11,14,0
11,15,0
11,16,0
11,17,0
11,18,0
11,19,0
11,20,0
11,21,0
11,22,0
11,23,0
11,24,0
11,25,0
11,26,0
11,27,0
11,28,0
11,29,0
11,30,0
11,31,0
11,32,0
11,33,0
11,34,0
11,35,0
11,36,0
11,37,0
11,38,0
11,39,0
11,40,0
11,41,0
11,42,0
11,43,0
11,44,0
11,45,0
11,46,0
11,47,0
11,48,0
11,49,0
11,50,0
11,51,0
11,52,0
11,53,0
11,54,0
11,55,0
11,56,0
11,57,0
11,58,0
11,59,0
11,60,0
11,61,0
11,62,0
11,63,0
11,64,0
11,65,0
11,66,0
11,67,0
11,68,0
11,69,0
11,70,0
11,71,0
11,72,0
11,73,0
11,74,0
11,75,0
11,76,0
11,77,0
11,78,0
11,79,0
11,80,1
11,81,1
11,82,1
11,83,1
11,84,1
11,85,1
11,86,1
11,87,1
11,88,1
11,89,1
11,90,1
11,91,1
11,92,1
11,93,1
11,94,1
11,95,1
11,96,1
11,97,1
11,98,1
11,99,1
12,0,1
12,1,1
12,2,1
12,3,1
12,4,1
12,5,1
12,6,1
12,7,1
12,8,1
12,9,1
12,10,1
12,11,1
12,12,1
12,13,1
12,14,1
12,15,1
12,16,1
12,17,1
12,18,1
12,19,1
12,20,1
12,21,1
12,22,1
12,23,1
12,24,1
12,25,1
12,26,1
12,27,1
12,28,1
12,29,1
12,30,1
12,31,1
12,32,1
12,33,1
12,34,1
12,35,1
12,36,1
12,37,1
12,38,1
12,39,1
12,40,1
12,41,1
12,42,1
12,43,1
12,44,1
12,45,1
12,46,1
12,47,1
12,48,1
12,49,1
12,50,1
12,51,1
12,52,1
12,53,1
12,54,1
12,55,1
12,56,1
12,57,1
12,58,1
12,59,1
12,60,0
12,61,0
12,62,0
12,63,0
12,64,0
12,65,0
12,66,0
12,67,0
12,68,0
12,69,0
12,70,0
12,71,0
12,72,0
12,73,0
12,74,0
12,75,0
12,76,0
12,77,0
12,78,0
12,79,0
12,80,0
12,81,0
12,82,0
12,83,0
12,84,0
12,85,0
12,86,0
12,87,0
12,88,0
12,89,0
12,90,0
12,91,0
12,92,0
12,93,0
12,94,0
12,95,0
12,96,0
12,97,0
12,98,0
12,99,0
13,0,0
13,1,0
13,2,0
13,3,0
13,4,0
13,5,0
13,6,0
13,7,0
13,8,0
13,9,0
13,10,0
13,11,0
13,12,0
13,13,0
13,14,0
13,15,0
13,16,0
13,17,0
13,18,0
13,19,0
13,20,0
13,21,0
13,22,0
13,23,0
13,24,0
13,25,0
13,26,0
13,27,0
13,28,0
13,29,0
13,30,0
13,31,0
13,32,0
13,33,0
13,34,0
13,35,0
13,36,0
13,37,0
13,38,0
13,39,0
13,40,0
13,41,0
13,42,0
13,43,0
13,44,0
13,45,0
13,46,0
13,47,0
13,48,0
13,49,0
13,50,0
13,51,0
13,52,0
13,53,0
13,54,0
13,55,0
13,56,0
13,57,0
13,58,0
13,59,0
13,60,0
13,61,0
13,62,0
13,63,0
13,64,0
13,65,0
13,66,0
13,67,0
13,68,0
13,69,0
13,70,0
13,71,0
13,72,0
13,73,0
13,74,0
13,75,0
13,76,8
13,77,8
13,78,8
13,79,8
13,80,8
13,81,8
13,82,8
13,83,8
13,84,8
13,85,8
13,86,8
13,87,8
13,88,8
13,89,8
13,90,8
13,91,8
13,92,8
13,93,8
13,94,8
13,95,8
13,96,8
13,97,8
13,98,8
13,99,8
14,0,8
14,1,8
14,2,8
14,3,8
14,4,8
14,5,8
14,6,8
14,7,8
14,8,8
14,9,8
14,10,8
14,11,8
14,12,8
14,13,8
14,14,8
14,15,8
14,16,8
14,17,8
14,18,8
14,19,8
14,20,8
14,21,8
14,22,8
14,23,8
14,24,8
14,25,8
14,26,8
14,27,8
14,28,8
14,29,8
14,30,8
14,31,8
14,32,8
14,33,8
14,34,8
14,35,8
14,36,8
14,37,8
14,38,8
14,39,8
14,40,8
14,41,8
14,42,8
14,43,8
14,44,8
14,45,8
14,46,8
14,47,8
14,48,8
14,49,8
14,50,8
14,51,8
14,52,8
14,53,8
14,54,8
14,55,8
14,56,8
14,57,8
14,58,8
14,59,0
14,60,0
14,61,0
14,62,0
14,63,0
14,64,0
14,65,0
14,66,0
14,67,0
14,68,0
14,69,0
14,70,0
14,71,0
14,72,0
14,73,0
14,74,0
14,75,0
14,76,0
14,77,0
14,78,0
14,79,0
14,80,0
14,81,0
14,82,0
14,83,0
14,84,0
14,85,0
14,86,0
14,87,0
14,88,0
14,89,0
14,90,0
14,91,0
14,92,0
14,93,0
14,94,0
14,95,0
14,96,0
14,97,0
14,98,0
14,99,0
15,0,0
15,1,0
15,2,0
15,3,0
15,4,0
15,5,0
15,6,0
15,7,0
15,8,0
15,9,0
15,10,0
15,11,0
15,12,0
15,13,0
15,14,0
15,15,0
15,16,0
15,17,0
15,18,0
15,19,0
15,20,0
15,21,0
15,22,0
15,23,0
15,24,0
15,25,0
15,26,0
15,27,0
15,28,0
15,29,0
15,30,0
15,31,0
15,32,0
15,33,0
15,34,0
15,35,0
15,36,0
15,37,0
15,38,0
15,39,0
15,40,0
15,41,0
15,42,0
15,43,0
15,44,0
15,45,0
15,46,0
15,47,0
15,48,0
15,49,0
15,50,0
15,51,0
15,52,0
15,53,0
15,54,0
15,55,0
15,56,0
15,57,0
15,58,0
15,59,0
15,60,0
15,61,0
15,62,0
15,63,0
15,64,0
15,65,0
15,66,0
15,67,0
15,68,0
15,69,0
15,70,0
15,71,0
15,72,0
15,73,0
15,74,0
15,75,7
15,76,7
15,77,7
15,78,7
15,79,7
15,80,7
15,81,7
15,82,7
15,83,7
15,84,7
15,85,7
15,86,7
15,87,7
15,88,7
15,89,7
15,90,7
15,91,7
15,92,7
15,93,7
15,94,7
15,95,7
15,96,7
15,97,7
15,98,7
15,99,7
16,0,7
16,1,7
16,2,7
16,3,7
16,4,7
16,5,7
16,6,7
16,7,7
16,8,7
16,9,7
16,10,7
16,11,7
16,12,7
16,13,7
16,14,7
16,15,7
16,16,7
16,17,7
16,18,6
16,19,7
16,20,7
16,21,7
16,22,7
16,23,7
16,24,7
16,25,7
16,26,7
16,27,7
16,28,7
16,29,7
16,30,7
16,31,7
16,32,7
16,33,7
16,34,7
16,35,7
16,36,7
16,37,7
16,38,7
16,39,7
16,40,7
16,41,7
16,42,7
16,43,7
16,44,7
16,45,7
16,46,7
16,47,7
16,48,7
16,49,7
16,50,7
16,51,7
16,52,7
16,53,7
16,54,7
16,55,7
16,56,7
16,57,7
16,58,7
16,59,7
16,60,7
16,61,7
16,62,7
16,63,7
16,64,7
16,65,7
16,66,7
16,67,7
16,68,7
16,69,6
16,70,7
16,71,7
16,72,7
16,73,6
16,74,0
16,75,0
16,76,0
16,77,0
16,78,0
16,79,0
16,80,0
16,81,0
16,82,0
16,83,0
16,84,0
16,85,0
16,86,0
16,87,0
16,88,0
16,89,0
16,90,0
16,91,0
16,92,0
16,93,0
16,94,0
16,95,0
16,96,0
16,97,0
16,98,0
16,99,0
17,0,0
17,1,0
17,2,0
17,3,0
17,4,0
17,5,0
17,6,0
17,7,0
17,8,0
17,9,0
17,10,0
17,11,0
17,12,0
17,13,0
17,14,0
17,15,0
17,16,0
17,17,0
17,18,0
17,19,0
17,20,0
17,21,0
17,22,0
17,23,0
17,24,0
17,25,0
17,26,0
17,27,0
17,28,0
17,29,0
17,30,0
17,31,0
17,32,0
17,33,0
17,34,0
17,35,0
17,36,0
17,37,0
17,38,0
17,39,0
17,40,0
17,41,0
17,42,0
17,43,0
17,44,0
17,45,0
17,46,0
17,47,0
17,48,0
17,49,0
17,50,0
17,51,0
17,52,0
17,53,0
17,54,0
17,55,0
17,56,0
17,57,0
17,58,0
17,59,0
17,60,0
17,61,0
17,62,0
17,63,0
17,64,0
17,65,0
17,66,0
17,67,0
17,68,0
17,69,0
17,70,0
17,71,0
17,72,0
17,73,0
17,74,4
17,75,4
17,76,4
17,77,4
17,78,4
17,79,4
17,80,4
17,81,4
17,82,4
17,83,4
17,84,4
17,85,4
17,86,4
17,87,4
17,88,4
17,89,4
17,90,4
17,91,4
17,92,4
17,93,4
17,94,4
17,95,4
17,96,4
17,97,4
17,98,4
17,99,4
18,0,4
18,1,4
18,2,4
18,3,4
18,4,4
18,5,4
18,6,4
18,7,4
18,8,4
18,9,4
18,10,4
18,11,4
18,12,4
18,13,4
18,14,4
18,15,4
18,16,4
18,17,4
18,18,4
18,19,4
18,20,4
18,21,4
18,22,4
18,23,4
18,24,4
18,25,4
18,26,4
18,27,4
18,28,4
18,29,4
18,30,4
18,31,4
18,32,4
18,33,4
18,34,4
18,35,4
18,36,4
18,37,4
18,38,4
18,39,4
18,40,4
18,41,4
18,42,4
18,43,4
18,44,4
18,45,4
18,46,4
18,47,4
18,48,4
18,49,4
18,50,4
18,51,4
18,52,4
18,53,4
18,54,4
18,55,4
18,56,4
18,57,4
18,58,4
18,59,4
18,60,4
18,61,0
18,62,0
18,63,0
18,64,0
18,65,0
18,66,0
18,67,0
18,68,0
18,69,0
18,70,0
18,71,0
18,72,0
18,73,0
18,74,0
18,75,0
18,76,0
18,77,0
18,78,0
18,79,0
18,80,0
18,81,0
18,82,0
18,83,0
18,84,0
18,85,0
18,86,0
18,87,0
18,88,0
18,89,0
18,90,0
18,91,0
18,92,0
18,93,0
18,94,0
18,95,0
18,96,0
18,97,0
18,98,0
18,99,0
19,0,0
19,1,0
19,2,0
19,3,0
19,4,0
19,5,0
19,6,0
19,7,0
19,8,0
19,9,0
19,10,0
19,11,0
19,12,0
19,13,0
19,14,0
19,15,0
19,16,0
19,17,0
19,18,0
19,19,0
19,20,0
19,21,0
19,22,0
19,23,0
19,24,0
19,25,0
19,26,0
19,27,0
19,28,0
19,29,0
19,30,0
19,31,0
19,32,0
19,33,0
19,34,0
19,35,0
19,36,0
19,37,0
19,38,0
19,39,0
19,40,0
19,41,0
19,42,0
19,43,0
19,44,0
19,45,0
19,46,0
19,47,0
19,48,0
19,49,0
19,50,0
19,51,0
19,52,0
19,53,0
19,54,0
19,55,0
19,56,0
19,57,0
19,58,0
19,59,0
19,60,0
19,61,0
19,62,0
19,63,0
19,64,0
19,65,0
19,66,0
19,67,0
19,68,0
19,69,0
19,70,0
19,71,0
19,72,0
19,73,0
19,74,0
19,75,0
19,76,0
19,77,0
19,78,0
19,79,0
19,80,0
19,81,0
19,82,0
19,83,0
19,84,0
19,85,0
19,86,0
19,87,0
19,88,0
19,89,0
19,90,0
19,91,0
19,92,0
19,93,0
19,94,0
19,95,0
19,96,0
19,97,0
19,98,0
19,99,0
20,0,0
20,1,0
20,2,0
20,3,0
20,4,0
20,5,0
20,6,0
20,7,0
20,8,0
20,9,0
20,10,0
20,11,0
20,12,0
20,13,0
20,14,0
20,15,0
20,16,0
20,17,0
20,18,0
20,19,0
20,20,0
20,21,0
20,22,0
20,23,0
20,24,0
20,25,0
20,26,0
20,27,0
20,28,0
20,29,0
20,30,0
20,31,0
20,32,0
20,33,0
20,34,0
20,35,0
20,36,0
20,37,0
20,38,0
20,39,0
20,40,0
20,41,0
20,42,0
20,43,0
20,44,0
20,45,0
20,46,0
20,47,0
20,48,0
20,49,0
20,50,0
20,51,0
20,52,0
20,53,0
20,54,0
20,55,0
20,56,0
20,57,0
20,58,0
20,59,0
20,60,0
20,61,0
20,62,0
20,63,0
20,64,0
20,65,0
20,66,0
20,67,0
20,68,0
20,69,0
20,70,0
20,71,0
20,72,0
20,73,0
20,74,0
20,75,0
20,76,0
20,77,0
20,78,0
20,79,0
20,80,0
20,81,0
20,82,0
20,83,0
20,84,0
20,85,0
20,86,0
20,87,0
20,88,0
20,89,0
20,90,0
20,91,0
20,92,0
20,93,0
20,94,0
20,95,0
20,96,0
20,97,0
20,98,0
20,99,0
21,0,0
21,1,0
21,2,0
21,3,0
21,4,0
21,5,0
21,6,0
21,7,0
21,8,0
21,9,0
21,10,0
21,11,0
21,12,0
21,13,0
21,14,0
21,15,0
21,16,0
21,17,0
21,18,0
21,19,0
21,20,0
21,21,0
21,22,0
21,23,0
21,24,0
21,25,0
21,26,0
21,27,0
21,28,0
21,29,0
21,30,0
21,31,0
21,32,0
21,33,0
21,34,0
21,35,0
21,36,0
21,37,0
21,38,0
21,39,0
21,40,0
21,41,0
21,42,0
21,43,0
21,44,0
21,45,0
21,46,0
21,47,0
21,48,0
21,49,0
21,50,0
21,51,0
21,52,0
21,53,0
21,54,0
21,55,0
21,56,0
21,57,0
21,58,0
21,59,0
21,60,0
21,61,0
21,62,0
21,63,0
21,64,0
21,65,0
21,66,0
21,67,0
21,68,0
21,69,0
21,70,6
21,71,6
21,72,6
21,73,6
21,74,6
21,75,6
21,76,6
21,77,6
21,78,6
21,79,6
21,80,6
21,81,6
21,82,6
21,83,6
21,84,6
21,85,6
21,86,6
21,87,6
21,88,6
21,89,6
21,90,6
21,91,6
21,92,6
21,93,6
21,94,6
21,95,6
21,96,6
21,97,6
21,98,6
21,99,6
22,0,6
22,1,6
22,2,6
22,3,6
22,4,6
22,5,6
22,6,6
22,7,6
22,8,6
22,9,6
22,10,6
22,11,6
22,12,6
22,13,6
22,14,6
22,15,6
22,16,6
22,17,6
22,18,6
22,19,6
22,20,6
22,21,6
22,22,6
22,23,6
22,24,6
22,25,6
22,26,6
22,27,6
22,28,6
22,29,6
22,30,6
22,31,6
22,32,6
22,33,6
22,34,6
22,35,6
22,36,6
22,37,6
22,38,6
22,39,6
22,40,6
22,41,6
22,42,6
22,43,6
22,44,6
22,45,6
22,46,6
22,47,6
22,48,6
22,49,6
22,50,6
22,51,6
22,52,6
22,53,6
22,54,6
22,55,6
22,56,6
22,57,6
22,58,6
22,59,6
22,60,6
22,61,6
22,62,0
22,63,0
22,64,0
22,65,0
22,66,0
22,67,0
22,68,0
22,69,0
22,70,0
22,71,0
22,72,0
22,73,0
22,74,0
22,75,0
22,76,0
22,77,0
22,78,0
22,79,0
22,80,0
22,81,0
22,82,0
22,83,0
22,84,0
22,85,0
22,86,0
22,87,0
22,88,0
22,89,0
22,90,0
22,91,0
22,92,0
22,93,0
22,94,0
22,95,0
22,96,0
22,97,0
22,98,0
22,99,0
23,0,0
23,1,0
23,2,0
23,3,0
23,4,0
23,5,0
23,6,0
23,7,0
23,8,0
23,9,0
23,10,0
23,11,0
23,12,0
23,13,0
23,14,0
23,15,0
23,16,0
23,17,0
23,18,0
23,19,0
23,20,0
23,21,0
23,22,0
23,23,0
23,24,0
23,25,0
23,26,0
23,27,0
23,28,0
23,29,0
23,30,0
23,31,0
23,32,0
23,33,0
23,34,0
23,35,0
23,36,0
23,37,0
23,38,0
23,39,0
23,40,0
23,41,0
23,42,0
23,43,0
23,44,0
23,45,0
23,46,0
23,47,0
23,48,0
23,49,0
23,50,0
23,51,0
23,52,0
23,53,0
23,54,0
23,55,0
23,56,0
23,57,0
23,58,0
23,59,0
23,60,0
23,61,0
23,62,0
23,63,0
23,64,0
23,65,0
23,66,0
23,67,0
23,68,0
23,69,0
23,70,0
23,71,0
23,72,0
23,73,5
23,74,5
23,75,5
23,76,5
23,77,5
23,78,5
23,79,5
23,80,5
23,81,5
23,82,5
23,83,5
23,84,5
23,85,5
23,86,5
23,87,5
23,88,5
23,89,5
23,90,5
23,91,5
23,92,5
23,93,5
23,94,5
23,95,5
23,96,5
23,97,5
23,98,5
23,99,5
24,0,5
24,1,5
24,2,5
24,3,5
24,4,5
24,5,5
24,6,5
24,7,5
24,8,5
24,9,5
24,10,5
24,11,5
24,12,5
24,13,5
24,14,5
24,15,5
24,16,5
24,17,5
24,18,5
24,19,5
24,20,5
24,21,5
24,22,5
24,23,5
24,24,5
24,25,5
24,26,5
24,27,5
24,28,5
24,29,5
24,30,5
24,31,5
24,32,5
24,33,5
24,34,5
24,35,5
24,36,5
24,37,5
24,38,5
24,39,5
24,40,5
24,41,5
24,42,5
24,43,5
24,44,5
24,45,5
24,46,5
24,47,5
24,48,5
24,49,5
24,50,5
24,51,5
24,52,5
24,53,5
24,54,5
24,55,5
24,56,5
24,57,5
24,58,5
24,59,5
24,60,5
24,61,5
24,62,5
24,63,0
24,64,0
24,65,0
24,66,0
24,67,0
24,68,0
24,69,0
24,70,0
24,71,0
24,72,0
24,73,0
24,74,0
24,75,0
24,76,0
24,77,0
24,78,0
24,79,0
24,80,0
24,81,0
24,82,0
24,83,0
24,84,0
24,85,0
24,86,0
24,87,0
24,88,0
24,89,0
24,90,0
24,91,0
24,92,0
24,93,0
24,94,0
24,95,0
24,96,0
24,97,0
24,98,0
24,99,0
25,0,0
25,1,0
25,2,0
25,3,0
25,4,0
25,5,0
25,6,0
25,7,0
25,8,0
25,9,0
25,10,0
25,11,0
25,12,0
25,13,0
25,14,0
25,15,0
25,16,0
25,17,0
25,18,0
25,19,0
25,20,0
25,21,0
25,22,0
25,23,0
25,24,0
25,25,0
25,26,0
25,27,0
25,28,0
25,29,0
25,30,0
25,31,0
25,32,0
25,33,0
25,34,0
25,35,0
25,36,0
25,37,0
25,38,0
25,39,0
25,40,0
25,41,0
25,42,0
25,43,0
25,44,0
25,45,0
25,46,0
25,47,0
25,48,0
25,49,0
25,50,0
25,51,0
25,52,0
25,53,0
25,54,0
25,55,0
25,56,0
25,57,0
25,58,0
25,59,0
25,60,0
25,61,0
25,62,0
25,63,0
25,64,0
25,65,0
25,66,0
25,67,0
25,68,0
25,69,0
25,70,0
25,71,0
25,72,3
25,73,3
25,74,3
25,75,3
25,76,3
25,77,3
25,78,3
25,79,3
25,80,3
25,81,3
25,82,3
25,83,3
25,84,3
25,85,3
25,86,3
25,87,3
25,88,3
25,89,3
25,90,3
25,91,3
25,92,3
25,93,3
25,94,3
25,95,3
25,96,3
25,97,3
25,98,3
25,99,3
26,0,3
26,1,3
26,2,3
26,3,3
26,4,3
26,5,3
26,6,3
26,7,3
26,8,3
26,9,3
26,10,3
26,11,3
26,12,3
26,13,3
26,14,3
26,15,3
26,16,3
26,17,3
26,18,3
26,19,3
26,20,3
26,21,3
26,22,3
26,23,3
26,24,3
26,25,3
26,26,3
26,27,3
26,28,3
26,29,3
26,30,3
26,31,3
26,32,3
26,33,3
26,34,3
26,35,3
26,36,3
26,37,3
26,38,3
26,39,3
26,40,3
26,41,3
26,42,3
26,43,3
26,44,3
26,45,3
26,46,3
26,47,3
26,48,3
26,49,3
26,50,3
26,51,3
26,52,3
26,53,3
26,54,3
26,55,3
26,56,3
26,57,3
26,58,3
26,59,3
26,60,3
26,61,3
26,62,3
26,63,3
26,64,3
26,65,3
26,66,3
26,67,0
26,68,0
26,69,0
26,70,0
26,71,0
26,72,0
26,73,0
26,74,0
26,75,0
26,76,0
26,77,0
26,78,0
26,79,0
26,80,0
26,81,0
26,82,0
26,83,0
26,84,0
26,85,0
26,86,0
26,87,0
26,88,0
26,89,0
26,90,0
26,91,0
26,92,0
26,93,0
26,94,0
26,95,0
26,96,0
26,97,0
26,98,0
26,99,0
27,0,0
27,1,0
27,2,0
27,3,0
27,4,0
27,5,0
27,6,0
27,7,0
27,8,0
27,9,0
27,10,0
27,11,0
27,12,0
27,13,0
27,14,0
27,15,0
27,16,0
27,17,0
27,18,0
27,19,0
27,20,0
27,21,0
27,22,0
27,23,0
27,24,0
27,25,0
27,26,0
27,27,0
27,28,0
27,29,0
27,30,0
27,31,0
27,32,0
27,33,0
27,34,0
27,35,0
27,36,0
27,37,0
27,38,0
27,39,0
27,40,0
27,41,0
27,42,0
27,43,0
27,44,0
27,45,0
27,46,0
27,47,0
27,48,0
27,49,0
27,50,0
27,51,0
27,52,0
27,53,0
27,54,0
27,55,0
27,56,0
27,57,0
27,58,0
27,59,0
27,60,0
27,61,0
27,62,0
27,63,0
27,64,0
27,65,0
27,66,0
27,67,0
27,68,0
27,69,0
27,70,0
27,71,0
27,72,0
27,73,0
27,74,0
27,75,0
27,76,0
27,77,0
27,78,0
27,79,0
27,80,0
27,81,0
27,82,2
27,83,2
27,84,2
27,85,2
27,86,2
27,87,2
27,88,2
27,89,2
27,90,2
27,91,2
27,92,2
27,93,2
27,94,2
27,95,2
27,96,2
27,97,2
27,98,2
27,99,2
28,0,2
28,1,2
28,2,2
28,3,2
28,4,2
28,5,2
28,6,2
28,7,2
28,8,2
28,9,2
28,10,2
28,11,2
28,12,2
28,13,2
28,14,2
28,15,2
28,16,2
28,17,2
28,18,2
28,19,2
28,20,2
28,21,2
28,22,2
28,23,2
28,24,2
28,25,2
28,26,2
28,27,2
28,28,2
28,29,2
28,30,2
28,31,2
28,32,2
28,33,2
28,34,2
28,35,2
28,36,2
28,37,2
28,38,2
28,39,2
28,40,2
28,41,2
28,42,2
28,43,2
28,44,2
28,45,2
28,46,2
28,47,2
28,48,2
28,49,2
28,50,2
28,51,2
28,52,2
28,53,2
28,54,2
28,55,2
28,56,2
28,57,2
28,58,2
28,59,2
28,60,2
28,61,2
28,62,2
28,63,2
28,64,2
28,65,2
28,66,2
28,67,2
28,68,2
28,69,2
28,70,0
28,71,0
28,72,0
28,73,0
28,74,0
28,75,0
28,76,0
28,77,0
28,78,0
28,79,0
28,80,0
28,81,0
28,82,0
28,83,0
28,84,0
28,85,0
28,86,0
28,87,0
28,88,0
28,89,0
28,90,0
28,91,0
28,92,0
28,93,0
28,94,0
28,95,0
28,96,0
28,97,0
28,98,0
28,99,0
29,0,0
29,1,0
29,2,0
29,3,0
29,4,0
29,5,0
29,6,0
29,7,0
29,8,0
29,9,0
29,10,0
29,11,0
29,12,0
29,13,0
29,14,0
29,15,0
29,16,0
29,17,0
29,18,0
29,19,0
29,20,0
29,21,0
29,22,0
29,23,0
29,24,0
29,25,0
29,26,0
29,27,0
29,28,0
29,29,0
29,30,0
29,31,0
29,32,0
29,33,0
29,34,0
29,35,0
29,36,0
29,37,0
29,38,0
29,39,0
29,40,0
29,41,0
29,42,0
29,43,0
29,44,0
29,45,0
29,46,0
29,47,0
29,48,0
29,49,0
29,50,0
29,51,0
29,52,0
29,53,0
29,54,0
29,55,0
29,56,0
29,57,0
29,58,0
29,59,0
29,60,0
29,61,0
29,62,0
29,63,0
29,64,0
29,65,0
29,66,0
29,67,0
29,68,0
29,69,0
29,70,0
29,71,0
29,72,1
29,73,1
29,74,1
29,75,1
29,76,1
29,77,1
29,78,1
29,79,1
29,80,1
29,81,1
29,82,1
29,83,1
29,84,1
29,85,1
29,86,1
29,87,1
29,88,1
29,89,1
29,90,1
29,91,1
29,92,1
29,93,1
29,94,1
29,95,1
29,96,1
29,97,1
29,98,1
29,99,1
30,0,1
30,1,1
30,2,1
30,3,1
30,4,1
30,5,1
30,6,1
30,7,1
30,8,1
30,9,1
30,10,1
30,11,1
30,12,1
30,13,1
30,14,1
30,15,1
30,16,1
30,17,1
30,18,1
30,19,1
30,20,1
30,21,1
30,22,1
30,23,1
30,24,1
30,25,1
30,26,1
30,27,1
30,28,1
30,29,1
30,30,1
30,31,1
30,32,1
30,33,1
30,34,1
30,35,1
30,36,1
30,37,1
30,38,1
30,39,1
30,40,1
30,41,1
30,42,1
30,43,1
30,44,1
30,45,1
30,46,1
30,47,1
30,48,1
30,49,1
30,50,1
30,51,1
30,52,1
30,53,1
30,54,1
30,55,1
30,56,1
30,57,1
30,58,1
30,59,1
30,60,1
30,61,1
30,62,1
30,63,0
30,64,0
30,65,0
30,66,0
30,67,0
30,68,0
30,69,0
30,70,0
30,71,0
30,72,0
30,73,0
30,74,0
30,75,0
30,76,0
30,77,0
30,78,0
30,79,0
30,80,0
30,81,0
30,82,0
30,83,0
30,84,0
30,85,0
30,86,0
30,87,0
30,88,0
30,89,0
30,90,0
30,91,0
30,92,0
30,93,0
30,94,0
30,95,0
30,96,0
30,97,0
30,98,0
30,99,0
31,0,0
31,1,0
31,2,0
31,3,0
31,4,0
31,5,0
31,6,0
31,7,0
31,8,0
31,9,0
31,10,0
31,11,0
31,12,0
31,13,0
31,14,0
31,15,0
31,16,0
31,17,0
31,18,0
31,19,0
31,20,0
31,21,0
31,22,0
31,23,0
31,24,0
31,25,0
31,26,0
31,27,0
31,28,0
31,29,0
31,30,0
31,31,0
31,32,0
31,33,0
31,34,0
31,35,0
31,36,0
31,37,0
31,38,0
31,39,0
31,40,0
31,41,0
31,42,0
31,43,0
31,44,0
31,45,0
31,46,0
31,47,0
31,48,0
31,49,0
31,50,0
31,51,0
31,52,0
31,53,0
31,54,0
31,55,0
31,56,0
31,57,0
31,58,0
31,59,0
31,60,0
31,61,0
31,62,0
31,63,0
31,64,0
31,65,0
31,66,0
31,67,0
31,68,0
31,69,0
31,70,0
31,71,0
31,72,0
31,73,0
31,74,0
31,75,0
31,76,0
31,77,0
31,78,8
31,79,8
31,80,8
31,81,8
31,82,8
31,83,8
31,84,8
31,85,8
31,86,8
31,87,8
31,88,8
31,89,8
31,90,8
31,91,8
31,92,8
31,93,8
31,94,8
31,95,8
31,96,8
31,97,8
31,98,8
31,99,8
32,0,8
32,1,8
32,2,8
32,3,8
32,4,8
32,5,8
32,6,8
32,7,8
32,8,8
32,9,8
32,10,8
32,11,8
32,12,8
32,13,8
32,14,8
32,15,8
32,16,8
32,17,8
32,18,8
32,19,8
32,20,8
32,21,8
32,22,8
32,23,8
32,24,8
32,25,8
32,26,8
32,27,8
32,28,8
32,29,8
32,30,8
32,31,8
32,32,8
32,33,8
32,34,8
32,35,8
32,36,8
32,37,8
32,38,8
32,39,8
32,40,8
32,41,8
32,42,8
32,43,8
32,44,8
32,45,8
32,46,8
32,47,8
32,48,8
32,49,8
32,50,8
32,51,8
32,52,8
32,53,8
32,54,8
32,55,8
32,56,8
32,57,8
32,58,8
32,59,8
32,60,8
32,61,8
32,62,8
32,63,8
32,64,8
32,65,8
32,66,8
32,67,8
32,68,8
32,69,8
32,70,8
32,71,8
32,72,0
32,73,0
32,74,0
32,75,0
32,76,0
32,77,0
32,78,0
32,79,0
32,80,0
32,81,0
32,82,0
32,83,0
32,84,0
32,85,0
32,86,0
32,87,0
32,88,0
32,89,0
32,90,0
32,91,0
32,92,0
32,93,0
32,94,0
32,95,0
32,96,0
32,97,0
32,98,0
32,99,0
33,0,0
33,1,0
33,2,0
33,3,0
33,4,0
33,5,0
33,6,0
33,7,0
33,8,0
33,9,0
33,10,0
33,11,0
33,12,0
33,13,0
33,14,0
33,15,0
33,16,0
33,17,0
33,18,0
33,19,0
33,20,0
33,21,0
33,22,0
33,23,0
33,24,0
33,25,0
33,26,0
33,27,0
33,28,0
33,29,0
33,30,0
33,31,0
33,32,0
33,33,0
33,34,0
33,35,0
33,36,0
33,37,0
33,38,0
33,39,0
33,40,0
33,41,0
33,42,0
33,43,0
33,44,0
33,45,0
33,46,0
33,47,0
33,48,0
33,49,0
33,50,0
33,51,0
33,52,0
33,53,0
33,54,0
33,55,0
33,56,0
33,57,0
33,58,0
33,59,0
33,60,0
33,61,0
33,62,0
33,63,0
33,64,0
33,65,0
33,66,0
33,67,0
33,68,0
33,69,0
33,70,0
33,71,0
33,72,0
33,73,0
33,74,5
33,75,7
33,76,7
33,77,7
33,78,7
33,79,7
33,80,7
33,81,7
33,82,7
33,83,7
33,84,7
33,85,7
33,86,7
33,87,7
33,88,7
33,89,7
33,90,7
33,91,7
33,92,7
33,93,7
33,94,7
33,95,7
33,96,7
33,97,7
33,98,7
33,99,7
34,0,7
34,1,7
34,2,7
34,3,7
34,4,7
34,5,7
34,6,7
34,7,7
34,8,7
34,9,7
34,10,7
34,11,7
34,12,7
34,13,7
34,14,7
34,15,7
34,16,7
34,17,7
34,18,7
34,19,7
34,20,7
34,21,7
34,22,7
34,23,7
34,24,7
34,25,7
34,26,7
34,27,7
34,28,7
34,29,7
34,30,7
34,31,7
34,32,7
34,33,7
34,34,7
34,35,7
34,36,7
34,37,7
34,38,7
34,39,7
34,40,7
34,41,7
34,42,7
34,43,7
34,44,7
34,45,7
34,46,7
34,47,7
34,48,7
34,49,7
34,50,7
34,51,7
34,52,7
34,53,7
34,54,7
34,55,7
34,56,7
34,57,7
34,58,7
34,59,7
34,60,0
34,61,0
34,62,0
34,63,0
34,64,0
34,65,0
34,66,0
34,67,0
34,68,0
34,69,0
34,70,0
34,71,0
34,72,0
34,73,0
34,74,0
34,75,0
34,76,0
34,77,0
34,78,0
34,79,0
34,80,0
34,81,0
34,82,0
34,83,0
34,84,0
34,85,0
34,86,0
34,87,0
34,88,0
34,89,0
34,90,0
34,91,0
34,92,0
34,93,0
34,94,0
34,95,0
34,96,0
34,97,0
34,98,0
34,99,0
35,0,0
35,1,0
35,2,0
35,3,0
35,4,0
35,5,0
35,6,0
35,7,0
35,8,0
35,9,0
35,10,0
35,11,0
35,12,0
35,13,0
35,14,0
35,15,0
35,16,0
35,17,0
35,18,0
35,19,0
35,20,0
35,21,0
35,22,0
35,23,0
35,24,0
35,25,0
35,26,0
35,27,0
35,28,0
35,29,0
35,30,0
35,31,0
35,32,0
35,33,0
35,34,0
35,35,0
35,36,0
35,37,0
35,38,0
35,39,0
35,40,0
35,41,0
35,42,0
35,43,0
35,44,0
35,45,0
35,46,0
35,47,0
35,48,0
35,49,0
35,50,0
35,51,0
35,52,0
35,53,0
35,54,0
35,55,0
35,56,0
35,57,0
35,58,0
35,59,0
35,60,0
35,61,0
35,62,0
35,63,0
35,64,0
35,65,0
35,66,0
35,67,4
35,68,4
35,69,4
35,70,4
35,71,4
35,72,4
35,73,4
35,74,4
35,75,4
35,76,4
35,77,4
35,78,4
35,79,4
35,80,4
35,81,4
35,82,4
35,83,4
35,84,4
35,85,4
35,86,4
35,87,4
35,88,4
35,89,4
35,90,4
35,91,4
35,92,4
35,93,4
35,94,4
35,95,4
35,96,4
35,97,4
35,98,4
35,99,4
36,0,4
36,1,4
36,2,4
36,3,4
36,4,4
36,5,4
36,6,4
36,7,4
36,8,4
36,9,4
36,10,4
36,11,4
36,12,4
36,13,4
36,14,4
36,15,4
36,16,4
36,17,4
36,18,4
36,19,4
36,20,4
36,21,4
36,22,4
36,23,4
36,24,4
36,25,4
36,26,4
36,27,4
36,28,4
36,29,4
36,30,4
36,31,4
36,32,4
36,33,4
36,34,4
36,35,4
36,36,4
36,37,4
36,38,4
36,39,4
36,40,4
36,41,4
36,42,4
36,43,4
36,44,4
36,45,4
36,46,4
36,47,4
36,48,4
36,49,4
36,50,4
36,51,4
36,52,4
36,53,4
36,54,4
36,55,4
36,56,4
36,57,4
36,58,4
36,59,4
36,60,4
36,61,4
36,62,4
36,63,4
36,64,4
36,65,4
36,66,4
36,67,4
36,68,4
36,69,4
36,70,4
36,71,0
36,72,0
36,73,0
36,74,0
36,75,0
36,76,0
36,77,0
36,78,0
36,79,0
36,80,0
36,81,0
36,82,0
36,83,0
36,84,0
36,85,0
36,86,0
36,87,0
36,88,0
36,89,0
36,90,0
36,91,0
36,92,0
36,93,0
36,94,0
36,95,0
36,96,0
36,97,0
36,98,0
36,99,0
37,0,0
37,1,0
37,2,0
37,3,0
37,4,0
37,5,0
37,6,0
37,7,0
37,8,0
37,9,0
37,10,0
37,11,0
37,12,0
37,13,0
37,14,0
37,15,0
37,16,0
37,17,0
37,18,0
37,19,0
37,20,0
37,21,0
37,22,0
37,23,0
37,24,0
37,25,0
37,26,0
37,27,0
37,28,0
37,29,0
37,30,0
37,31,0
37,32,0
37,33,0
37,34,0
37,35,0
37,36,0
37,37,0
37,38,0
37,39,0
37,40,0
37,41,0
37,42,0
37,43,0
37,44,0
37,45,0
37,46,0
37,47,0
37,48,0
37,49,0
37,50,0
37,51,0
37,52,0
37,53,0
37,54,0
37,55,0
37,56,0
37,57,0
37,58,0
37,59,0
37,60,0
37,61,0
37,62,0
37,63,0
37,64,0
37,65,0
37,66,0
37,67,0
37,68,0
37,69,0
37,70,0
37,71,0
37,72,0
37,73,0
37,74,0
37,75,0
37,76,0
37,77,0
37,78,0
37,79,0
37,80,0
37,81,0
37,82,0
37,83,0
37,84,0
37,85,0
37,86,0
37,87,0
37,88,0
37,89,0
37,90,0
37,91,0
37,92,0
37,93,0
37,94,0
37,95,0
37,96,0
37,97,0
37,98,0
37,99,0
38,0,0
38,1,0
38,2,0
38,3,0
38,4,0
38,5,0
38,6,0
38,7,0
38,8,0
38,9,0
38,10,0
38,11,0
38,12,0
38,13,0
38,14,0
38,15,0
38,16,0
38,17,0
38,18,0
38,19,0
38,20,0
38,21,0
38,22,0
38,23,0
38,24,0
38,25,0
38,26,0
38,27,0
38,28,0
38,29,0
38,30,0
38,31,0
38,32,0
38,33,0
38,34,0
38,35,0
38,36,0
38,37,0
38,38,0
38,39,0
38,40,0
38,41,0
38,42,0
38,43,0
38,44,0
38,45,0
38,46,0
38,47,0
38,48,0
38,49,0
38,50,0
38,51,0
38,52,0
38,53,0
38,54,0
38,55,0
38,56,0
38,57,0
38,58,0
38,59,0
38,60,0
38,61,0
38,62,0
38,63,0
38,64,0
38,65,0
38,66,0
38,67,0
38,68,0
38,69,0
38,70,0
38,71,0
38,72,0
38,73,0
38,74,0
38,75,0
38,76,0
38,77,0
38,78,0
38,79,0
38,80,0
38,81,0
38,82,0
38,83,0
38,84,0
38,85,0
38,86,0
38,87,0
38,88,0
38,89,0
38,90,0
38,91,0
38,92,0
38,93,0
38,94,0
38,95,0
38,96,0
38,97,0
38,98,0
38,99,0
39,0,0
39,1,0
39,2,0
39,3,0
39,4,0
39,5,0
39,6,0
39,7,0
39,8,0
39,9,0
39,10,0
39,11,0
39,12,0
39,13,0
39,14,0
39,15,0
39,16,0
39,17,0
39,18,0
39,19,0
39,20,0
39,21,0
39,22,0
39,23,0
39,24,0
39,25,0
39,26,0
39,27,0
39,28,0
39,29,0
39,30,0
39,31,0
39,32,0
39,33,0
39,34,0
39,35,0
39,36,0
39,37,0
39,38,0
39,39,0
39,40,0
39,41,0
39,42,0
39,43,0
39,44,0
39,45,0
39,46,0
39,47,0
39,48,0
39,49,0
39,50,0
39,51,0
39,52,0
39,53,0
39,54,0
39,55,0
39,56,0
39,57,0
39,58,0
39,59,0
39,60,0
39,61,0
39,62,0
39,63,0
39,64,0
39,65,0
39,66,6
39,67,6
39,68,6
39,69,6
39,70,6
39,71,6
39,72,6
39,73,6
39,74,6
39,75,6
39,76,6
39,77,6
39,78,6
39,79,6
39,80,6
39,81,6
39,82,6
39,83,6
39,84,6
39,85,6
39,86,6
39,87,6
39,88,6
39,89,6
39,90,6
39,91,6
39,92,6
39,93,6
39,94,6
39,95,6
39,96,6
39,97,6
39,98,6
39,99,6
40,0,6
40,1,6
40,2,6
40,3,6
40,4,6
40,5,6
40,6,6
40,7,6
40,8,6
40,9,6
40,10,6
40,11,6
40,12,6
40,13,6
40,14,6
40,15,6
40,16,6
40,17,6
40,18,6
40,19,6
40,20,6
40,21,6
40,22,6
40,23,6
40,24,6
40,25,6
40,26,6
40,27,6
40,28,6
40,29,6
40,30,6
40,31,6
40,32,6
40,33,6
40,34,6
40,35,6
40,36,6
40,37,6
40,38,6
40,39,6
40,40,6
40,41,6
40,42,6
40,43,6
40,44,6
40,45,6
40,46,6
40,47,6
40,48,6
40,49,6
40,50,6
40,51,6
40,52,6
40,53,6
40,54,6
40,55,6
40,56,6
40,57,6
40,58,6
40,59,6
40,60,6
40,61,6
40,62,6
40,63,6
40,64,6
40,65,6
40,66,6
40,67,6
40,68,6
40,69,6
40,70,6
40,71,6
40,72,6
40,73,6
40,74,6
40,75,6
40,76,6
40,77,6
40,78,0
40,79,0
40,80,0
40,81,0
40,82,0
40,83,0
40,84,0
40,85,0
40,86,0
40,87,0
40,88,0
40,89,0
40,90,0
40,91,0
40,92,0
40,93,0
40,94,0
40,95,0
40,96,0
40,97,0
40,98,0
40,99,0
41,0,0
41,1,0
41,2,0
41,3,0
41,4,0
41,5,0
41,6,0
41,7,0
41,8,0
41,9,0
41,10,0
41,11,0
41,12,0
41,13,0
41,14,0
41,15,0
41,16,0
41,17,0
41,18,0
41,19,0
41,20,0
41,21,0
41,22,0
41,23,0
41,24,0
41,25,0
41,26,0
41,27,0
41,28,0
41,29,0
41,30,0
41,31,0
41,32,0
41,33,0
41,34,0
41,35,0
41,36,0
41,37,0
41,38,0
41,39,0
41,40,0
41,41,0
41,42,0
41,43,0
41,44,0
41,45,0
41,46,0
41,47,0
41,48,0
41,49,0
41,50,0
41,51,0
41,52,0
41,53,0
41,54,0
41,55,0
41,56,0
41,57,0
41,58,0
41,59,0
41,60,0
41,61,0
41,62,0
41,63,0
41,64,0
41,65,0
41,66,0
41,67,0
41,68,0
41,69,0
41,70,0
41,71,5
41,72,5
41,73,5
41,74,5
41,75,5
41,76,5
41,77,5
41,78,5
41,79,5
41,80,5
41,81,5
41,82,5
41,83,5
41,84,5
41,85,5
41,86,5
41,87,5
41,88,5
41,89,5
41,90,5
41,91,5
41,92,5
41,93,5
41,94,5
41,95,5
41,96,5
41,97,5
41,98,5
41,99,5
42,0,5
42,1,5
42,2,5
42,3,5
42,4,5
42,5,5
42,6,5
42,7,5
42,8,5
42,9,5
42,10,5
42,11,5
42,12,5
42,13,5
42,14,5
42,15,5
42,16,5
42,17,5
42,18,5
42,19,5
42,20,5
42,21,5
42,22,5
42,23,5
42,24,5
42,25,5
42,26,5
42,27,5
42,28,5
42,29,5
42,30,5
42,31,5
42,32,5
42,33,5
42,34,5
42,35,5
42,36,5
42,37,5
42,38,5
42,39,5
42,40,5
42,41,5
42,42,5
42,43,5
42,44,5
42,45,5
42,46,5
42,47,5
42,48,5
42,49,5
42,50,5
42,51,5
42,52,5
42,53,5
42,54,5
42,55,5
42,56,5
42,57,5
42,58,5
42,59,5
42,60,5
42,61,5
42,62,5
42,63,0
42,64,0
42,65,0
42,66,0
42,67,0
42,68,0
42,69,0
42,70,0
42,71,0
42,72,0
42,73,0
42,74,0
42,75,0
42,76,0
42,77,0
42,78,0
42,79,0
42,80,0
42,81,0
42,82,0
42,83,0
42,84,0
42,85,0
42,86,0
42,87,0
42,88,0
42,89,0
42,90,0
42,91,0
42,92,0
42,93,0
42,94,0
42,95,0
42,96,0
42,97,0
42,98,0
42,99,0
43,0,0
43,1,0
43,2,0
43,3,0
43,4,0
43,5,0
43,6,0
43,7,0
43,8,0
43,9,0
43,10,0
43,11,0
43,12,0
43,13,0
43,14,0
43,15,0
43,16,0
43,17,0
43,18,0
43,19,0
43,20,0
43,21,0
43,22,0
43,23,0
43,24,0
43,25,0
43,26,0
43,27,0
43,28,0
43,29,0
43,30,0
43,31,0
43,32,0
43,33,0
43,34,0
43,35,0
43,36,0
43,37,0
43,38,0
43,39,0
43,40,0
43,41,0
43,42,0
43,43,0
43,44,0
43,45,0
43,46,0
43,47,0
43,48,0
43,49,0
43,50,0
43,51,0
43,52,0
43,53,0
43,54,0
43,55,0
43,56,0
43,57,0
43,58,0
43,59,0
43,60,0
43,61,0
43,62,0
43,63,0
43,64,0
43,65,0
43,66,0
43,67,0
43,68,0
43,69,0
43,70,0
43,71,0
43,72,3
43,73,3
43,74,3
43,75,3
43,76,3
43,77,3
43,78,3
43,79,3
43,80,3
43,81,3
43,82,3
43,83,3
43,84,3
43,85,3
43,86,3
43,87,3
43,88,3
43,89,3
43,90,3
43,91,3
43,92,3
43,93,3
43,94,3
43,95,3
43,96,3
43,97,3
43,98,3
43,99,3
44,0,3
44,1,3
44,2,3
44,3,3
44,4,3
44,5,3
44,6,3
44,7,3
44,8,3
44,9,3
44,10,3
44,11,3
44,12,3
44,13,3
44,14,3
44,15,3
44,16,3
44,17,3
44,18,3
44,19,3
44,20,3
44,21,3
44,22,3
44,23,3
44,24,3
44,25,3
44,26,3
44,27,3
44,28,3
44,29,3
44,30,3
44,31,3
44,32,3
44,33,3
44,34,3
44,35,3
44,36,3
44,37,3
44,38,3
44,39,3
44,40,3
44,41,3
44,42,3
44,43,3
44,44,3
44,45,3
44,46,3
44,47,3
44,48,3
44,49,3
44,50,3
44,51,3
44,52,3
44,53,3
44,54,3
44,55,3
44,56,3
44,57,3
44,58,3
44,59,3
44,60,3
44,61,3
44,62,3
44,63,3
44,64,3
44,65,0
44,66,0
44,67,0
44,68,0
44,69,0
44,70,0
44,71,0
44,72,0
44,73,0
44,74,0
44,75,0
44,76,0
44,77,0
44,78,0
44,79,0
44,80,0
44,81,0
44,82,0
44,83,0
44,84,0
44,85,0
44,86,0
44,87,0
44,88,0
44,89,0
44,90,0
44,91,0
44,92,0
44,93,0
44,94,0
44,95,0
44,96,0
44,97,0
44,98,0
44,99,0
45,0,0
45,1,0
45,2,0
45,3,0
45,4,0
45,5,0
45,6,0
45,7,0
45,8,0
45,9,0
45,10,0
45,11,0
45,12,0
45,13,0
45,14,0
45,15,0
45,16,0
45,17,0
45,18,0
45,19,0
45,20,0
45,21,0
45,22,0
45,23,0
45,24,0
45,25,0
45,26,0
45,27,0
45,28,0
45,29,0
45,30,0
45,31,0
45,32,0
45,33,0
45,34,0
45,35,0
45,36,0
45,37,0
45,38,0
45,39,0
45,40,0
45,41,0
45,42,0
45,43,0
45,44,0
45,45,0
45,46,0
45,47,0
45,48,0
45,49,0
45,50,0
45,51,0
45,52,0
45,53,0
45,54,0
45,55,0
45,56,0
45,57,0
45,58,0
45,59,0
45,60,0
45,61,0
45,62,0
45,63,0
45,64,0
45,65,0
45,66,0
45,67,0
45,68,0
45,69,0
45,70,0
45,71,0
45,72,0
45,73,0
45,74,0
45,75,0
45,76,2
45,77,2
45,78,2
45,79,2
45,80,2
45,81,2
45,82,2
45,83,2
45,84,2
45,85,2
45,86,2
45,87,2
45,88,2
45,89,2
45,90,2
45,91,2
45,92,2
45,93,2
45,94,2
45,95,2
45,96,2
45,97,2
45,98,2
45,99,2
46,0,2
46,1,2
46,2,2
46,3,2
46,4,2
46,5,2
46,6,2
46,7,2
46,8,2
46,9,2
46,10,2
46,11,2
46,12,2
46,13,2
46,14,2
46,15,2
46,16,2
46,17,2
46,18,2
46,19,2
46,20,2
46,21,2
46,22,2
46,23,2
46,24,2
46,25,2
46,26,2
46,27,2
46,28,2
46,29,2
46,30,2
46,31,2
46,32,2
46,33,2
46,34,2
46,35,2
46,36,2
46,37,2
46,38,2
46,39,2
46,40,2
46,41,2
46,42,2
46,43,2
46,44,2
46,45,2
46,46,2
46,47,2
46,48,2
46,49,2
46,50,2
46,51,2
46,52,2
46,53,2
46,54,2
46,55,2
46,56,2
46,57,2
46,58,2
46,59,2
46,60,2
46,61,2
46,62,2
46,63,2
46,64,2
46,65,2
46,66,2
46,67,2
46,68,2
46,69,2
46,70,2
46,71,2
46,72,2
46,73,2
46,74,2
46,75,2
46,76,2
46,77,2
46,78,0
46,79,0
46,80,0
46,81,0
46,82,0
46,83,0
46,84,0
46,85,0
46,86,0
46,87,0
46,88,0
46,89,0
46,90,0
46,91,0
46,92,0
46,93,0
46,94,0
46,95,0
46,96,0
46,97,0
46,98,0
46,99,0
47,0,0
47,1,0
47,2,0
47,3,0
47,4,0
47,5,0
47,6,0
47,7,0
47,8,0
47,9,0
47,10,0
47,11,0
47,12,0
47,13,0
47,14,0
47,15,0
47,16,0
47,17,0
47,18,0
47,19,0
47,20,0
47,21,0
47,22,0
47,23,0
47,24,0
47,25,0
47,26,0
47,27,0
47,28,0
47,29,0
47,30,0
47,31,0
47,32,0
47,33,0
47,34,0
47,35,0
47,36,0
47,37,0
47,38,0
47,39,0
47,40,0
47,41,0
47,42,0
47,43,0
47,44,0
47,45,0
47,46,0
47,47,0
47,48,0
47,49,0
47,50,0
47,51,0
47,52,0
47,53,0
47,54,0
47,55,0
47,56,0
47,57,0
47,58,0
47,59,0
47,60,0
47,61,0
47,62,0
47,63,0
47,64,0
47,65,1
47,66,1
47,67,1
47,68,1
47,69,1
47,70,1
47,71,1
47,72,1
47,73,1
47,74,1
47,75,1
47,76,1
47,77,1
47,78,1
47,79,1
47,80,1
47,81,1
47,82,1
47,83,1
47,84,1
47,85,1
47,86,1
47,87,1
47,88,1
47,89,1
47,90,1
47,91,1
47,92,1
47,93,1
47,94,1
47,95,1
47,96,1
47,97,1
47,98,1
47,99,1
48,0,1
48,1,1
48,2,1
48,3,1
48,4,1
48,5,1
48,6,1
48,7,1
48,8,1
48,9,1
48,10,1
48,11,1
48,12,1
48,13,1
48,14,1
48,15,1
48,16,1
48,17,1
48,18,1
48,19,1
48,20,1
48,21,1
48,22,1
48,23,1
48,24,1
48,25,1
48,26,1
48,27,1
48,28,1
48,29,1
48,30,1
48,31,1
48,32,1
48,33,1
48,34,1
48,35,1
48,36,1
48,37,1
48,38,1
48,39,1
48,40,1
48,41,1
48,42,1
48,43,1
48,44,1
48,45,1
48,46,1
48,47,1
48,48,1
48,49,1
48,50,1
48,51,1
48,52,1
48,53,1
48,54,1
48,55,1
48,56,1
48,57,1
48,58,1
48,59,1
48,60,1
48,61,1
48,62,1
48,63,1
48,64,1
48,65,1
48,66,1
48,67,1
48,68,1
48,69,1
48,70,0
48,71,0
48,72,0
48,73,0
48,74,0
48,75,0
48,76,0
48,77,0
48,78,0
48,79,0
48,80,0
48,81,0
48,82,0
48,83,0
48,84,0
48,85,0
48,86,0
48,87,0
48,88,0
48,89,0
48,90,0
48,91,0
48,92,0
48,93,0
48,94,0
48,95,0
48,96,0
48,97,0
48,98,0
48,99,0
49,0,0
49,1,0
49,2,0
49,3,0
49,4,0
49,5,0
49,6,0
49,7,0
49,8,0
49,9,0
49,10,0
49,11,0
49,12,0
49,13,0
49,14,0
49,15,0
49,16,0
49,17,0
49,18,0
49,19,0
49,20,0
49,21,0
49,22,0
49,23,0
49,24,0
49,25,0
49,26,0
49,27,0
49,28,0
49,29,0
49,30,0
49,31,0
49,32,0
49,33,0
49,34,0
49,35,0
49,36,0
49,37,0
49,38,0
49,39,0
49,40,0
49,41,0
49,42,0
49,43,0
49,44,0
49,45,0
49,46,0
49,47,0
49,48,0
49,49,0
49,50,0
49,51,0
49,52,0
49,53,0
49,54,0
49,55,0
49,56,0
49,57,0
49,58,0
49,59,0
49,60,0
49,61,0
49,62,0
49,63,0
49,64,0
49,65,0
49,66,4
49,67,8
49,68,8
49,69,8
49,70,8
49,71,8
49,72,8
49,73,8
49,74,8
49,75,8
49,76,8
49,77,8
49,78,8
49,79,8
49,80,8
49,81,8
49,82,8
49,83,8
49,84,8
49,85,8
49,86,8
49,87,8
49,88,8
49,89,8
49,90,8
49,91,8
49,92,8
49,93,8
49,94,8
49,95,8
49,96,8
49,97,8
49,98,8
49,99,8
50,0,8
50,1,8
50,2,8
50,3,8
50,4,8
50,5,8
50,6,8
50,7,8
50,8,8
50,9,8
50,10,8
50,11,8
50,12,8
50,13,8
50,14,8
50,15,8
50,16,8
50,17,8
50,18,8
50,19,8
50,20,8
50,21,8
50,22,8
50,23,8
50,24,8
50,25,8
50,26,8
50,27,8
50,28,8
50,29,8
50,30,8
50,31,8
50,32,8
50,33,8
50,34,8
50,35,8
50,36,8
50,37,8
50,38,8
50,39,8
50,40,8
50,41,8
50,42,8
50,43,8
50,44,8
50,45,8
50,46,8
50,47,8
50,48,8
50,49,8
50,50,8
50,51,8
50,52,8
50,53,8
50,54,8
50,55,0
50,56,0
50,57,0
50,58,0
50,59,0
50,60,0
50,61,0
50,62,0
50,63,0
50,64,0
50,65,0
50,66,0
50,67,0
50,68,0
50,69,0
50,70,0
50,71,0
50,72,0
50,73,0
50,74,0
50,75,0
50,76,0
50,77,0
50,78,0
50,79,0
50,80,0
50,81,0
50,82,0
50,83,0
50,84,0
50,85,0
50,86,0
50,87,0
50,88,0
50,89,0
50,90,0
50,91,0
50,92,0
50,93,0
50,94,0
50,95,0
50,96,0
50,97,0
50,98,0
50,99,0
51,0,0
51,1,0
51,2,0
51,3,0
51,4,0
51,5,0
51,6,0
51,7,0
51,8,0
51,9,0
51,10,0
51,11,0
51,12,0
51,13,0
51,14,0
51,15,0
51,16,0
51,17,0
51,18,0
51,19,0
51,20,0
51,21,0
51,22,0
51,23,0
51,24,0
51,25,0
51,26,0
51,27,0
51,28,0
51,29,0
51,30,0
51,31,0
51,32,0
51,33,0
51,34,0
51,35,0
51,36,0
51,37,0
51,38,0
51,39,0
51,40,0
51,41,0
51,42,0
51,43,0
51,44,0
51,45,0
51,46,0
51,47,0
51,48,0
51,49,0
51,50,0
51,51,0
51,52,0
51,53,0
51,54,0
51,55,0
51,56,0
51,57,0
51,58,0
51,59,0
51,60,0
51,61,0
51,62,0
51,63,0
51,64,0
51,65,0
51,66,0
51,67,0
51,68,0
51,69,0
51,70,0
51,71,0
51,72,0
51,73,0
51,74,0
51,75,0
51,76,0
51,77,7
51,78,7
51,79,7
51,80,7
51,81,7
51,82,7
51,83,7
51,84,7
51,85,7
51,86,7
51,87,7
51,88,7
51,89,7
51,90,7
51,91,7
51,92,7
51,93,7
51,94,7
51,95,7
51,96,7
51,97,7
51,98,7
51,99,7
52,0,7
52,1,7
52,2,7
52,3,7
52,4,7
52,5,7
52,6,7
52,7,7
52,8,6
52,9,7
52,10,7
52,11,7
52,12,7
52,13,7
52,14,7
52,15,7
52,16,7
52,17,7
52,18,7
52,19,7
52,20,7
52,21,7
52,22,7
52,23,7
52,24,6
52,25,7
52,26,7
52,27,7
52,28,6
52,29,7
52,30,7
52,31,7
52,32,7
52,33,7
52,34,7
52,35,7
52,36,7
52,37,7
52,38,7
52,39,7
52,40,7
52,41,7
52,42,7
52,43,7
52,44,7
52,45,7
52,46,6
52,47,6
52,48,7
52,49,7
52,50,6
52,51,7
52,52,6
52,53,6
52,54,6
52,55,0
52,56,0
52,57,0
52,58,0
52,59,0
52,60,0
52,61,0
52,62,0
52,63,0
52,64,0
52,65,0
52,66,0
52,67,0
52,68,0
52,69,0
52,70,0
52,71,0
52,72,0
52,73,0
52,74,0
52,75,0
52,76,0
52,77,0
52,78,0
52,79,0
52,80,0
52,81,0
52,82,0
52,83,0
52,84,0
52,85,0
52,86,0
52,87,0
52,88,0
52,89,0
52,90,0
52,91,0
52,92,0
52,93,0
52,94,0
52,95,0
52,96,0
52,97,0
52,98,0
52,99,0
53,0,0
53,1,0
53,2,0
53,3,0
53,4,0
53,5,0
53,6,0
53,7,0
53,8,0
53,9,0
53,10,0
53,11,0
53,12,0
53,13,0
53,14,0
53,15,0
53,16,0
53,17,0
53,18,0
53,19,0
53,20,0
53,21,0
53,22,0
53,23,0
53,24,0
53,25,0
53,26,0
53,27,0
53,28,0
53,29,0
53,30,0
53,31,0
53,32,0
53,33,0
53,34,0
53,35,0
53,36,0
53,37,0
53,38,0
53,39,0
53,40,0
53,41,0
53,42,0
53,43,0
53,44,0
53,45,0
53,46,0
53,47,0
53,48,0
53,49,0
53,50,0
53,51,0
53,52,0
53,53,0
53,54,0
53,55,0
53,56,0
53,57,0
53,58,0
53,59,0
53,60,0
53,61,0
53,62,0
53,63,0
53,64,0
53,65,0
53,66,0
53,67,0
53,68,0
53,69,0
53,70,0
53,71,0
53,72,0
53,73,0
53,74,0
53,75,0
53,76,0
53,77,0
53,78,4
53,79,4
53,80,4
53,81,4
53,82,4
53,83,4
53,84,4
53,85,4
53,86,4
53,87,4
53,88,4
53,89,4
53,90,4
53,91,4
53,92,4
53,93,4
53,94,4
53,95,4
53,96,4
53,97,4
53,98,4
53,99,4
